{
	"page": {
		"label": "TRANSLATE.LMS.LMSCONF"
	},
	"sections": [{
		"id": "section_lmsconf",
		"element": "section",
		"label": "TRANSLATE.LMS.SERVER",
		"description": "TRANSLATE.LMS.D_SERVER",
		"icon": "fa-server",
		"onSave": {
			"type": "controller",
			"endpoint": "music_service/lms",
			"method": "updateLMSConfig"
		},
		"saveButton": {
			"label": "TRANSLATE.LMS.SAVE",
			"data": ["enabled""]
		},
		"content": [{
			"id": "enabled",
			"element": "switch",
			"doc": "TRANSLATE.LMS.D_SERVER_ENABLED",
			"label": "TRANSLATE.LMS.SERVER_ENABLED",
			"value": true
		}]
	}]
}